Name,Address,Age,Phone
OVVVB,Street-20,51.0,9832139062
SXVXQ,Street-43,41.0,9875095215
LUIST,Street-35,59.0,9811068980
FENTK,Street-21,36.0,9672824961
USOKI,Street-26,37.207207207207205,9850864271
YIKHZ,Street-29,45.0,9550551924
AXOAF,Street-24,26.0,9872242030
ZWZHR,Street-9,21.0,9517323527
VZIIM,Street-2,42.0,9856252778
YUISC,Street-14,54.0,9892263327
EEUUT,Street-17,27.0,9648518011
VKORW,Street-31,33.0,9415847755
BECWW,Street-26,43.0,9863506881
WLTQW,Street-24,24.0,9823339011
LJLDF,Street-19,34.0,9420310055
ZKVBV,Street-48,42.0,9604935028
ZFPSO,Street-50,56.0,9856696434
GOXCQ,Street-31,22.0,9653002012
QPKQB,Street-30,48.0,9674320355
PKYDU,Street-7,41.0,9459440833
JWSXU,Street-13,31.0,9834576159
SALJE,Street-13,22.0,9576340815
XSHWJ,Street-23,24.0,9866164518
FZNPR,Street-31,21.0,9412949660
CRNDJ,Street-27,46.0,9756524682
GQWHU,Street-32,32.0,9537091195
BQPSL,Street-42,19.0,9424337010
ORWDS,Street-7,31.0,9578637597
OKENX,Street-5,23.0,9853979494
FXMUO,Street-36,37.207207207207205,9878313009
YWRRV,Street-40,59.0,9595805411
VIMCH,Street-26,30.0,9428216292
YZZFJ,Street-42,51.0,9799292577
YKTDX,Street-17,48.0,9789379814
EJLUR,Street-50,26.0,9768905219
DEYOU,Street-3,45.0,9624339619
OMOUW,Street-40,37.207207207207205,9686253914
BNYSR,Street-40,55.0,9464627047
NWJOD,Street-22,37.0,9800000000
CQEON,Street-35,52.0,9558172404
MFMHR,Street-35,19.0,9626314290
WKGCZ,Street-41,37.0,9701799192
OCJYD,Street-4,51.0,9730077444
XURRR,Street-23,34.0,9795294887
GTYQN,Street-42,50.0,9718753127
PKPHS,Street-26,33.0,9593779599
TDQPM,Street-40,37.207207207207205,9800000000
PXGRP,Street-5,59.0,9800000000
FCKOJ,Street-44,37.207207207207205,9466425347
AQLHJ,Street-49,42.0,9652951548
MHZUK,Street-41,56.0,9746062856
QFYTY,Street-8,60.0,9800000000
DCHCH,Street-49,23.0,9492152877
KHGHZ,Street-45,37.207207207207205,9869885066
NKAQM,Street-50,18.0,9669485828
FLEDU,Street-19,45.0,9548390205
KYKIK,Street-3,38.0,9798431127
MQHYH,Street-29,27.0,9823941280
RFRIJ,Street-28,19.0,9800000000
XDVWC,Street-21,48.0,9401249935
UBXGH,Street-6,18.0,9800000000
TPRFX,Street-34,32.0,9460441561
ADLBO,Street-30,36.0,9880753222
LIEMU,Street-18,52.0,9858922428
NQBTH,Street-7,38.0,9443287352
SUXHT,Street-38,29.0,9750504443
REWDU,Street-48,42.0,9569716207
FSSSJ,Street-10,41.0,9620338543
FYOVJ,Street-7,28.0,9744421771
AMVPY,Street-12,20.0,9615683215
UDQFN,Street-11,37.207207207207205,9408401212
BEGBA,Street-3,42.0,9728347109
ZRBPH,Street-5,52.0,9724392023
VLCQR,Street-47,25.0,9781185736
RGSCH,Street-8,47.0,9595900550
RQHPP,Street-29,58.0,9605107300
HNQFR,Street-47,34.0,9548242231
PRLSG,Street-1,22.0,9636515474
EVJCN,Street-30,31.0,9867417525
TQNBC,Street-15,54.0,9532322193
DVJEU,Street-2,37.207207207207205,9800000000
RLTPF,Street-9,23.0,9466269063
WVQDQ,Street-14,18.0,9535624204
HHPZB,Street-36,30.0,9717707122
CATXT,Street-50,39.0,9543188026
QQPLD,Street-19,35.0,9429194951
BJOHU,Street-19,35.0,9594620842
IZNLI,Street-22,40.0,9811928037
JXDZT,Street-8,21.0,9808638924
RRECH,Street-49,27.0,9536102706
JWVME,Street-16,31.0,9413490338
QGOWE,Street-13,25.0,9430391148
ENJLT,Street-23,19.0,9467224721
WBILB,Street-21,26.0,9679219993
SBCLH,Street-41,53.0,9591945721
TFNEJ,Street-33,36.0,9445895209
MSPET,Street-4,57.0,9800000000
UULNS,Street-24,58.0,9800000000
SDXSI,Street-37,26.0,9762864542
HGFHM,Street-6,48.0,9824592163
HXGRV,Street-50,51.0,9427481443
DGVUO,Street-5,22.0,9783868469
FLJYA,Street-47,27.0,9761336065
LRBHM,Street-9,34.0,9774231433
USZDZ,Street-21,23.0,9699293037
DXECT,Street-42,45.0,9833380598
EAUGP,Street-46,47.0,9483494212
EYSFX,Street-35,31.0,9800000000
MWFNV,Street-48,57.0,9482276824
QOQGR,Street-12,18.0,9475587077
ZPNXX,Street-5,47.0,9524011502
OVMMH,Street-24,37.207207207207205,9759983031
PLYBN,Street-23,47.0,9575154360
ZNTRZ,Street-40,51.0,9704315186
FYHIJ,Street-6,37.0,9825688454
YJXCP,Street-3,29.0,9712695940
RURQB,Street-19,38.0,9631633272
ONYNX,Street-7,50.0,9812451584
WLIZD,Street-3,30.0,9745203233
LPHNE,Street-20,42.0,9796786713
